Wavelength_um,Half_width_um,Depth_ppm,Uncertainty_ppm,Instrument
0.8696,0.0174,2943.3872,44.6616,NIRISS SOSS
0.9051,0.0181,2986.4482,38.7487,NIRISS SOSS
0.942,0.0188,2858.6591,33.3314,NIRISS SOSS
0.9804,0.0196,2876.1871,31.0322,NIRISS SOSS
1.0204,0.0204,2970.3689,27.6457,NIRISS SOSS
1.062,0.0212,3012.8484,26.1587,NIRISS SOSS
1.1053,0.0221,2917.8545,23.7287,NIRISS SOSS
1.1504,0.023,2955.3704,23.0102,NIRISS SOSS
1.1973,0.0239,2976.1291,21.849,NIRISS SOSS
1.2461,0.0249,2905.8183,21.0928,NIRISS SOSS
1.297,0.0259,2875.9381,21.3629,NIRISS SOSS
1.3499,0.027,2961.0305,21.5418,NIRISS SOSS
1.4049,0.0281,2939.3713,22.7382,NIRISS SOSS
1.4622,0.0292,2945.1268,23.3429,NIRISS SOSS
1.5218,0.0304,2879.6936,24.2324,NIRISS SOSS
1.5839,0.0317,2871.4843,24.29,NIRISS SOSS
1.6485,0.033,2903.1856,25.2319,NIRISS SOSS
1.7157,0.0343,2890.4352,27.0162,NIRISS SOSS
1.7856,0.0357,2960.084,30.0675,NIRISS SOSS
1.8585,0.0372,2899.2858,33.3017,NIRISS SOSS
1.9343,0.0387,2921.1041,36.5783,NIRISS SOSS
2.0131,0.0403,2858.3762,38.7917,NIRISS SOSS
2.0952,0.0419,2857.1135,41.2878,NIRISS SOSS
2.1807,0.0436,2946.9178,42.41,NIRISS SOSS
2.2696,0.0454,2931.9779,45.9037,NIRISS SOSS
2.3621,0.0472,2944.2605,51.2642,NIRISS SOSS
2.4585,0.0492,2886.8199,57.9704,NIRISS SOSS
2.5587,0.0512,2920.2225,63.0397,NIRISS SOSS
2.6631,0.0533,2901.951,66.3801,NIRISS SOSS
2.7717,0.0554,2964.0897,78.0953,NIRISS SOSS
2.7679,0.0252,2902.4869,87.2507,NIRSpec G395H
2.8185,0.0256,3036.662,45.0073,NIRSpec G395H
2.8701,0.0261,2927.1179,37.641,NIRSpec G395H
2.9227,0.0266,2862.2102,34.5128,NIRSpec G395H
2.9761,0.0271,2964.6909,31.9829,NIRSpec G395H
3.0306,0.0276,2924.6763,30.891,NIRSpec G395H
3.0861,0.0281,2900.6775,30.1755,NIRSpec G395H
3.1425,0.0286,2944.2087,30.057,NIRSpec G395H
3.2,0.0291,2977.2378,30.0663,NIRSpec G395H
3.2586,0.0296,3031.6342,28.8368,NIRSpec G395H
3.3182,0.0302,2997.0579,28.4828,NIRSpec G395H
3.379,0.0307,2989.9631,28.8547,NIRSpec G395H
3.4408,0.0313,3010.8599,28.3214,NIRSpec G395H
3.5038,0.0319,3039.1162,28.5114,NIRSpec G395H
3.5679,0.0324,2963.9181,28.1436,NIRSpec G395H
3.6332,0.033,2964.9566,29.526,NIRSpec G395H
3.6997,0.0336,2999.9502,33.493,NIRSpec G395H
3.8363,0.0349,2917.4354,35.8253,NIRSpec G395H
3.9065,0.0355,2937.2355,30.4678,NIRSpec G395H
3.978,0.0362,2967.5671,31.2054,NIRSpec G395H
4.0508,0.0368,2907.5634,32.699,NIRSpec G395H
4.125,0.0375,2925.8264,33.7253,NIRSpec G395H
4.2004,0.0382,2987.3334,35.076,NIRSpec G395H
4.2773,0.0389,2998.9978,36.7771,NIRSpec G395H
4.3556,0.0396,2999.7449,39.3599,NIRSpec G395H
4.4353,0.0403,2949.374,41.6672,NIRSpec G395H
4.5165,0.0411,2978.6862,43.5495,NIRSpec G395H
4.5991,0.0418,2887.7889,45.5168,NIRSpec G395H
4.6833,0.0426,2937.2825,46.796,NIRSpec G395H
4.769,0.0434,2874.946,48.496,NIRSpec G395H
4.8563,0.0441,2970.6899,51.2495,NIRSpec G395H
4.9451,0.045,2914.4044,52.9562,NIRSpec G395H
5.0356,0.0458,3014.6061,56.2789,NIRSpec G395H
5.1278,0.0466,2870.6998,60.3372,NIRSpec G395H